<?xml version="1.0" encoding="utf-8"?>
<beans xmlns="http://www.springframework.org/schema/beans"
	xmlns:mybatis="http://mybatis.org/schema/mybatis-spring"
	xmlns:xsi="http://www.w3.org/2001/XMLSchema-instance"
	xmlns:p="http://www.springframework.org/schema/p"
	xmlns:context="http://www.springframework.org/schema/context"
	xmlns:aop="http://www.springframework.org/schema/aop"
	xmlns:mvc="http://www.springframework.org/schema/mvc"
	xmlns:tx="http://www.springframework.org/schema/tx"
	xsi:schemaLocation="http://www.springframework.org/schema/beans 
			            http://www.springframework.org/schema/beans/spring-beans.xsd
			            http://www.springframework.org/schema/context
			            http://www.springframework.org/schema/context/spring-context.xsd
			            http://www.springframework.org/schema/mvc
			            http://www.springframework.org/schema/mvc/spring-mvc.xsd
			            http://www.springframework.org/schema/aop
			            http://www.springframework.org/schema/aop/spring-aop.xsd
			            http://www.springframework.org/schema/tx
			            http://www.springframework.org/schema/tx/spring-tx.xsd
			            http://mybatis.org/schema/mybatis-spring 
			            http://mybatis.org/schema/mybatis-spring.xsd ">

	<!-- mybatis:scan会扫描ssh.homework.dao包里的所有接口当作Spring的bean配置，之后可以进行依赖注入 -->
	<mybatis:scan base-package="ssh.homework.dao" />

	<!-- 扫描ssh.homework包下面的java文件，有Spring的相关注解的类，则把这些类注册为Spring的bean -->
	<context:component-scan
		base-package="ssh.homework" />

	<!-- 使用PropertyOverrideConfigurer后处理器加载数据源参数 -->
	<context:property-override
		location="classpath:db.properties" />

	<!-- 配置c3p0数据源 -->
	<bean id="dataSource"
		class="com.mchange.v2.c3p0.ComboPooledDataSource" />

	<!-- 配置SqlSessionFactory，org.mybatis.spring.SqlSessionFactoryBean是Mybatis社区开发用于整合Spring的bean -->
	<bean id="sqlSessionFactory"
		class="org.mybatis.spring.SqlSessionFactoryBean"
		p:dataSource-ref="dataSource" />

	<!-- JDBC事务管理器 -->
	<bean id="transactionManager"
		class="org.springframework.jdbc.datasource.DataSourceTransactionManager"
		p:dataSource-ref="dataSource" />
	<!-- 通知 -->
	<tx:advice id="txAdvice"
		transaction-manager="transactionManager">
		<tx:attributes>
			<tx:method name="save*" propagation="REQUIRED" />
			<tx:method name="add*" propagation="REQUIRED" />
			<tx:method name="modify*" propagation="REQUIRED" />
			<tx:method name="remove*" propagation="REQUIRED" />
			<tx:method name="del*" propagation="REQUIRED" />
			<tx:method name="find*" propagation="SUPPORTS"
				read-only="true" />
			<tx:method name="select*" propagation="SUPPORTS"
				read-only="true" />
			<tx:method name="get*" propagation="SUPPORTS"
				read-only="true" />
		</tx:attributes>
	</tx:advice>
	<!-- 切面 -->
	<aop:config>
		<aop:advisor advice-ref="txAdvice"
			pointcut="execution(* ssh.homework.service.*.*(..))" />
	</aop:config>
	<!-- 启用支持annotation注解方式事务管理 -->
	<tx:annotation-driven
		transaction-manager="transactionManager" />

</beans>
