<?xml version="1.0" encoding="utf-8"?>
<beans xmlns="http://www.springframework.org/schema/beans"
    xmlns:xsi="http://www.w3.org/2001/XMLSchema-instance"
    xmlns:mvc="http://www.springframework.org/schema/mvc"
    xmlns:p="http://www.springframework.org/schema/p"
    xmlns:context="http://www.springframework.org/schema/context"
    xsi:schemaLocation="
        http://www.springframework.org/schema/beans
        http://www.springframework.org/schema/beans/spring-beans.xsd
        http://www.springframework.org/schema/mvc
        http://www.springframework.org/schema/mvc/spring-mvc.xsd     
        http://www.springframework.org/schema/context
        http://www.springframework.org/schema/context/spring-context.xsd">
        
    <!-- 自动扫描该包，SpringMVC会将包下用了@controller注解的类注册为Spring的controller -->
    <context:component-scan base-package="ssh.homework.controller"/>
    <!-- 设置默认配置方案 -->
    <mvc:annotation-driven/>
    <!-- 使用默认的Servlet来响应静态文件 -->
    <mvc:default-servlet-handler/>
    
    <!-- 定义Spring MVC的拦截器 -->
    <mvc:interceptors>
    	<mvc:interceptor>
    		
    		<mvc:mapping path="/*"/>
    		<!-- 自定义判断用户权限的拦截类 --> 
    	 	<bean class="ssh.homework.interceptor.AuthorizedInterceptor"/>

    	</mvc:interceptor >
    </mvc:interceptors> 
    
    <!-- 视图解析器   -->
     <bean id="viewResolver"
          class="org.springframework.web.servlet.view.InternalResourceViewResolver"
          p:prefix="/WEB-INF/jsp/" p:suffix=".jsp"/> 
     <!-- 文件上传下载   -->
     <bean id="multipartResolver"  
        class="org.springframework.web.multipart.commons.CommonsMultipartResolver">  
		<!-- 上传文件大小上限，单位为字节（1000MB） -->
        <property name="maxUploadSize">  
            <value>10485760</value>  
        </property>  
        <!-- 请求的编码格式，必须和jSP的pageEncoding属性一致，以便正确读取表单的内容，默认为ISO-8859-1 -->
        <property name="defaultEncoding">
        	<value>UTF-8</value>
        </property>
       <!-- 开启resolveLazily，该参数表示延迟解析 -->
         <property name="resolveLazily" value="true" />
    </bean>
    <!-- springmvc提供的简单异常处理器-->
     
<bean class="org.springframework.web.servlet.handler.SimpleMappingExceptionResolver"
     p:defaultErrorView="error"
    	p:exceptionAttribute="ex">
   
</bean> 

</beans>